INSERT INTO users (id, first_name, last_name, email, password, role, birthday, gender)
VALUES (1, 'Yurii', 'Hentash', 'gentashyura@gmail.com', 'Welcome1', 'ADMIN', '2000-06-26', 'MALE'),
       (2, 'Dmytro', 'Ryskalchuk', 'driskalchuck@gmail.com', 'Welcome1', 'USER', '1999-12-20', 'FEMALE');
-- Since we have added the hardcoded ID to each record, we need to fix sequence to start from next ID:
SELECT SETVAL('users_id_seq', (SELECT MAX(id) FROM users));

INSERT INTO unit (id, unit_name, parent_id, managed_by_admin)
VALUES (1, 'Безперервний професійний розвиток', -1, false),
       (2, 'Професійна діяльність', -1, false),
       (3, 'Впровадження та використання сучасних цифрових технологій', -1, false),
       (4, 'Партнерська взаємодія з учасниками освітнього процесу', -1, false),
       (5, 'Участь в організації  безпечного та здорового освітнього середовища закладу', -1, false),
       (6, 'Участь в управлінських процесах', -1, false),
       (7, 'Штрафні санкції', -1, true),

       (8, 'Активність в шкільних МО, творчих групах інших формах.', 1, false),
       (9, 'Активність в  МО, творчих групах, інших формах в ТГ.', 1, false),
       (10, 'Активність в  МО, творчих групах, інших формах ( за межами ТГ).', 1, false),
       (11, 'Онлайн вебінари, семінари (підтверджені сертифікатами)', 1, false),
       (12, 'Власні авторські доробки (друковані та на блогах, сайтах: посібники, публікації , статті, уроки, сценарії  та ін.)', 1, false),
       (13, 'Участь в проєктах, педагогічних конкурсах.', 1, false),
       (14, 'Реалізація інновацій в роботі ', 1, false),
       (15, 'Наставництво, супервізія інших вчителів, надання рекомендацій вчителю', 1, false),
       (16, 'Власний блог вчителя (портфоліо, сайт)', 1, false),
       (17, 'Курси підвищення кваліфікації', 1, false),

       (18, 'Власні авторські методики (з коротким описом)', 2, false),
       (19, 'Участь в апробації нових технологій, підручників.', 2, false),
       (20, 'Використання сучасних методик та технологій', 2, false),
       (21, 'Робота з обдарованими дітьми (олімпіади, конкурси, проекти та ін.) на рівні ТГ', 2, false),
       (22, 'Робота з обдарованими дітьми (олімпіади, конкурси, проекти та ін.) на рівні району', 2, false),
       (23, 'Робота з обдарованими дітьми (олімпіади, конкурси, проекти та ін.) на рівні області', 2, false),
       (24, 'Робота з обдарованими дітьми (олімпіади, конкурси, проекти та ін.) на всеукраїнському рівні', 2, false),


       (25, 'Використання в роботі відкритих електронних ресурсів педагогічного спрямування', 3, false),
       (26, 'Організація електронного (цифрового) освітнього простору закладу освіти', 3, false),

       (27, 'Проведення майстер-класів за інтересами', 4, false),
       (28, 'Конструктивна робота з батьками в тому числі в проекті "Канікули з батьками"', 4, false),
       (29, 'Організація спільних екскурсій, відвідування культурних закладів', 4, false),
       (30, 'Профорієнтаційна робота серед учнів та батьків', 4, false),
       (31, 'Проведення заходів, свят для учнів (батьків) ', 4, false),
       (32, 'Популяризація діяльності закладу в пресі, медіа, сайтах, соцмережах та ін.', 4, false),
       (33, 'Робота з громадскістю', 4, false),

       (34, 'Робота на волонтерських засадах ', 5, false),
       (35, 'Організація роботи кабінету, проектування осередків навчання, виховання  та розвитку', 5, false),
       (36, 'Профілактично-просвітницька робота', 5, false),

       (37, 'Подання ініціатив, пропозицій до удосконалення  освітнього процесу в  закладі', 6, false),
       (38, 'Робота із забезпечення  функціонування системи внутрішнього самооцінювання освітнього процесу закладу', 6, false),
       (39, 'Впровадження в роботі власних критеріїв оцінювання, моніторингів знань', 6, false),
       (40, 'Діяльність в робочих групах, комісіях закладу', 6, false),
       (41, 'Виступи на педагогічній раді', 6, false),

       (42, 'Порушення внурішнього розпорядку закладу', 7, true),
       (43, 'Скарги', 7, true),
       (44, 'Ведення документації', 7, true),
       (45, 'Не виконання рішень педагогічної ради, наказів', 7, true),
       (46, 'Порушення академічної доброчесності', 7, true),
       (47, 'Порушення професійної етики', 7, true);
SELECT SETVAL('unit_id_seq', (SELECT MAX(id) FROM unit));

INSERT INTO activity (id, user_id, unit_id, activity_name, description, author_id)
VALUES (1, 1, 8, 'Перша активність першого користувача', 'Опис першої активності.', 1),
       (2, 1, 9, 'Друга активність першого користувача', 'Опис другої активності.', 1),
       (3, 1, 8, 'Третя активність першого користувача', 'Опис третьої активності.', 1),
       (4, 2, 8, 'Перша активність другого користувача', 'Опис першої активності.', 2),
       (5, 2, 8, 'Друга активність другого користувача', 'Опис другої активності.', 2);
SELECT SETVAL('activity_id_seq', (SELECT MAX(id) FROM activity));